county,lat_county_center,long_county_center
BARKING AND DAGENHAM,51.62107661,0.129583051
BARNET,51.81256694,-0.218212445
BARNSLEY,53.57191098,-1.548718974
BATH AND NORTH EAST SOMERSET,51.35492905,-2.486676138
BEDFORD,52.14547001,-0.454973301
BEXLEY,51.33624797,0.146333407
BIRMINGHAM,52.12172697,-1.881328119
BLACKBURN WITH DARWEN,53.63720442,-2.463700425
BLACKPOOL,53.88212196,-3.022900066
BLAENAU GWENT,51.75161017,-3.186241492
BOLTON,53.73811376,-2.479407799
BRACKNELL FOREST,51.45793747,-0.733644127
BRADFORD,53.97211699,-1.873874897
BRENT,51.76169531,-0.275692697
BRIDGEND,51.52286093,-3.613746411
BRIGHTON AND HOVE,50.94891785,-0.150780941
"BRISTOL, CITY OF",51.53204217,-2.577485946
BROMLEY,51.22514316,0.039051596
BUCKINGHAMSHIRE,51.9292855,-0.805400428
BURY,53.61554485,-2.30886358
CAERPHILLY,51.62779045,-3.197367403
CALDERDALE,53.76978989,-1.961609485
CAMBRIDGESHIRE,52.1334373,-0.2350376
CAMDEN,51.69346289,-0.162941181
CARDIFF,51.56643825,-3.222318654
CARMARTHENSHIRE,51.92106329,-4.21129537
CENTRAL BEDFORDSHIRE,51.99983075,-0.477580968
CEREDIGION,52.29790936,-3.952439137
CHESHIRE EAST,53.20970089,-2.292353233
CHESHIRE WEST AND CHESTER,53.12468062,-2.70364014
CITY OF LONDON,51.51586908,-0.093450243
CONWY,53.12545976,-3.74692783
CORNWALL,50.24914483,-4.642078262
COUNTY DURHAM,54.46929295,-1.840981987
COVENTRY,52.20618619,-1.519033289
CROYDON,51.33121403,-0.077737098
CUMBRIA,54.47061064,-2.902600884
DARLINGTON,54.5135409,-1.568019613
DENBIGHSHIRE,53.07311444,-3.347664363
DERBY,52.98317482,-1.471765468
DERBYSHIRE,52.96223036,-1.601940671
DEVON,50.75997314,-3.65726858
DONCASTER,53.57902313,-1.109151902
DORSET,50.80119208,-2.414111058
DUDLEY,52.46603831,-2.101688962
EALING,51.69941693,-0.314132944
EAST RIDING OF YORKSHIRE,53.95064397,-0.661980863
EAST SUSSEX,50.83192268,0.334416979
ENFIELD,51.79828615,-0.08133942
ESSEX,51.6117648,0.540879963
FLINTSHIRE,53.1844556,-3.176529471
GATESHEAD,54.98408952,-1.686797096
GLOUCESTERSHIRE,51.95118048,-2.152134059
GREENWICH,51.2985436,0.050097991
GWYNEDD,52.9079829,-3.815806494
HACKNEY,51.71557757,-0.060476702
HALTON,53.37945761,-2.688530944
HAMMERSMITH AND FULHAM,51.45667814,-0.217348666
HAMPSHIRE,51.35884492,-1.247225837
HARINGEY,51.71488116,-0.106708968
HARROW,51.69501777,-0.33601358
HARTLEPOOL,54.6701701,-1.270287682
HAVERING,51.68802219,0.235389404
"HEREFORDSHIRE, COUNTY OF",52.05659867,-2.739499342
HERTFORDSHIRE,51.97546027,-0.2768102
HILLINGDON,51.67746306,-0.441683562
HOUNSLOW,51.31546779,-0.378514474
ISLE OF ANGLESEY,53.27637541,-4.323498092
ISLE OF WIGHT,50.62684579,-1.333559495
ISLES OF SCILLY,49.92385774,-6.302263517
ISLINGTON,51.66454241,-0.109929603
KENSINGTON AND CHELSEA,51.49977272,-0.189810659
KENT,51.0669651,0.721771978
"KINGSTON UPON HULL, CITY OF",53.89415872,-0.303809929
KINGSTON UPON THAMES,51.42789651,-0.283683843
KIRKLEES,53.84777778,-1.780820704
KNOWSLEY,53.48285095,-2.832978987
LAMBETH,51.25292329,-0.113802328
LANCASHIRE,53.39410423,-2.460895308
LEEDS,53.55495353,-1.50744367
LEICESTER,52.70360736,-1.13041692
LEICESTERSHIRE,52.37238997,-1.377482482
LEWISHAM,51.26145828,-0.017302278
LINCOLNSHIRE,53.01932041,-0.238400153
LIVERPOOL,53.51159426,-2.913358353
LUTON,51.96793222,-0.423145126
MANCHESTER,53.61817441,-2.233722269
MEDWAY,51.32756654,0.56323414
MERTHYR TYDFIL,51.74917751,-3.364037083
MERTON,51.37365292,-0.188682848
MIDDLESBROUGH,54.50980825,-1.211038057
MILTON KEYNES,52.01691691,-0.740623092
MONMOUTHSHIRE,51.78143655,-2.903938001
NEATH PORT TALBOT,51.59538788,-3.745865726
NEWCASTLE UPON TYNE,55.0020853,-1.652806625
NEWHAM,51.75154898,0.027418314
NEWPORT,51.53251425,-2.897750845
NORFOLK,52.30327992,0.96476705
NORTH EAST LINCOLNSHIRE,53.50963265,-0.139227538
NORTH LINCOLNSHIRE,53.57543676,-0.52370666
NORTH SOMERSET,51.3526475,-2.754328449
NORTH TYNESIDE,55.00389834,-1.509236261
NORTH YORKSHIRE,54.03710954,-1.549609543
NORTHAMPTONSHIRE,52.09006156,-0.867363454
NORTHUMBERLAND,55.26834523,-2.075107369
NOTTINGHAM,52.95517853,-1.166633976
NOTTINGHAMSHIRE,53.0331055,-1.006945853
OLDHAM,53.6599865,-2.052688246
OXFORDSHIRE,51.9377069,-1.291120655
PEMBROKESHIRE,51.87237216,-4.908193395
PETERBOROUGH,52.62512622,-0.268997563
PLYMOUTH,50.29446598,-4.112958476
PORTSMOUTH,50.91431347,-1.070266634
POWYS,52.35029106,-3.436464916
READING,51.48972752,-0.990720433
REDBRIDGE,51.74620382,0.070100076
REDCAR AND CLEVELAND,54.5267558,-1.00574666
RICHMOND UPON THAMES,51.40228741,-0.289242513
ROCHDALE,53.67735601,-2.148151883
ROTHERHAM,53.27570833,-1.286609956
RUTLAND,52.66743079,-0.625584457
SALFORD,53.39898509,-2.384897733
SANDWELL,52.58691177,-2.007628032
SEFTON,53.41755508,-2.99189735
SHEFFIELD,53.59454838,-1.542754388
SHROPSHIRE,52.68430157,-2.736687571
SLOUGH,51.50037556,-0.576104025
SOLIHULL,52.36592232,-1.71571703
SOMERSET,51.15209001,-3.295339284
SOUTH GLOUCESTERSHIRE,51.61982918,-2.469430627
SOUTH TYNESIDE,54.99470602,-1.4469507
SOUTHAMPTON,50.9848178,-1.400278658
SOUTHEND-ON-SEA,51.56216877,0.706990767
SOUTHWARK,51.26248203,-0.073064855
ST. HELENS,53.44224628,-2.703243804
STAFFORDSHIRE,52.54942592,-2.027493547
STOCKPORT,53.24357467,-2.124899323
STOCKTON-ON-TEES,54.60355048,-1.306389301
STOKE-ON-TRENT,53.00187622,-2.158814783
SUFFOLK,52.07329189,1.049039969
SUNDERLAND,54.95658882,-1.433573037
SURREY,51.75818155,-0.338637427
SUTTON,51.33189097,-0.17228968
SWANSEA,51.7343163,-3.967179804
SWINDON,51.64297555,-1.733636248
TAMESIDE,53.41856241,-2.076946518
TELFORD AND WREKIN,52.70917159,-2.489472136
THURROCK,51.50818142,0.334927818
TORBAY,50.49404551,-3.555165295
TORFAEN,51.69897043,-3.050933849
TOWER HAMLETS,51.68484915,-0.036381391
TRAFFORD,53.31462114,-2.365656069
VALE OF GLAMORGAN,51.47709303,-3.398002733
WAKEFIELD,53.8167796,-1.420853555
WALSALL,52.74274291,-1.970331589
WALTHAM FOREST,51.72349115,-0.018861804
WANDSWORTH,51.24653724,-0.200174464
WARRINGTON,53.33855889,-2.561565842
WARWICKSHIRE,52.0484615,-1.56863748
WEST BERKSHIRE,51.4729636,-1.274018089
WEST SUSSEX,51.11483236,-0.459352717
WESTMINSTER,51.61333443,-0.152982598
WIGAN,53.58762665,-2.572383452
WILTSHIRE,51.48576087,-1.926539687
WINDSOR AND MAIDENHEAD,51.49461585,-0.675393902
WIRRAL,53.23721132,-3.065081713
WOKINGHAM,51.45965865,-0.89937135
WOLVERHAMPTON,52.71683689,-2.127596772
WORCESTERSHIRE,52.05798428,-2.209184462
WREXHAM,53.00078604,-2.99195713
YORK,53.99233895,-1.073789904
